{
    "header": {
        "seq": 3,
        "stamp": {
            "secs": 1739004556,
            "nsecs": 403000000
        },
        "frame_id": "3"
    },
    "frame_id": 2,
    "image_height": 4294967295,
    "image_width": 4294967295,
    "bboxes": [
        {
            "header": {
                "seq": 0,
                "stamp": {
                    "secs": 0,
                    "nsecs": 0
                },
                "frame_id": ""
            },
            "id": 121,
            "category": "Barrier_stone",
            "segmentation_rle": [],
            "area": 0.0,
            "bbox": [
                {
                    "x": 0.4018607437610626,
                    "y": 0.5380296111106873,
                    "z": 0.0
                },
                {
                    "x": 0.40422770380973816,
                    "y": 0.5646762251853943,
                    "z": 0.0
                }
            ],
            "is_crowd": false,
            "main_category": "Static_obstacle",
            "id_3d": 0,
            "bbox_3d": [],
            "json_data": "{\n    \"imageid\": \"/camera_front_wide\"\n}\n",
            "parent_id": 0,
            "percent_truncated": 0.0,
            "percent_occluded": 0.0
        },
        {
            "header": {
                "seq": 0,
                "stamp": {
                    "secs": 0,
                    "nsecs": 0
                },
                "frame_id": ""
            },
            "id": 119,
            "category": "Barrier_stone",
            "segmentation_rle": [],
            "area": 0.0,
            "bbox": [
                {
                    "x": 0.42644399404525757,
                    "y": 0.5423490405082703,
                    "z": 0.0
                },
                {
                    "x": 0.42930009961128235,
                    "y": 0.5648847222328186,
                    "z": 0.0
                }
            ],
            "is_crowd": false,
            "main_category": "Static_obstacle",
            "id_3d": 0,
            "bbox_3d": [],
            "json_data": "{\n    \"imageid\": \"/camera_front_wide\"\n}\n",
            "parent_id": 0,
            "percent_truncated": 0.0,
            "percent_occluded": 0.0
        },
        {
            "header": {
                "seq": 0,
                "stamp": {
                    "secs": 0,
                    "nsecs": 0
                },
                "frame_id": ""
            },
            "id": 111,
            "category": "Barrier_stone",
            "segmentation_rle": [],
            "area": 0.0,
            "bbox": [
                {
                    "x": 0.8412835001945496,
                    "y": 0.5666508078575134,
                    "z": 0.0
                },
                {
                    "x": 0.8465203046798706,
                    "y": 0.5831841230392456,
                    "z": 0.0
                }
            ],
            "is_crowd": false,
            "main_category": "Static_obstacle",
            "id_3d": 0,
            "bbox_3d": [],
            "json_data": "{\n    \"imageid\": \"/camera_front_wide\"\n}\n",
            "parent_id": 0,
            "percent_truncated": 0.0,
            "percent_occluded": 0.0
        },
        {
            "header": {
                "seq": 0,
                "stamp": {
                    "secs": 0,
                    "nsecs": 0
                },
                "frame_id": ""
            },
            "id": 110,
            "category": "Barrier_stone",
            "segmentation_rle": [],
            "area": 0.0,
            "bbox": [
                {
                    "x": 0.8026952743530273,
                    "y": 0.5675877332687378,
                    "z": 0.0
                },
                {
                    "x": 0.8092362284660339,
                    "y": 0.582600474357605,
                    "z": 0.0
                }
            ],
            "is_crowd": false,
            "main_category": "Static_obstacle",
            "id_3d": 0,
            "bbox_3d": [],
            "json_data": "{\n    \"imageid\": \"/camera_front_wide\"\n}\n",
            "parent_id": 0,
            "percent_truncated": 0.0,
            "percent_occluded": 0.0
        },
        {
            "header": {
                "seq": 0,
                "stamp": {
                    "secs": 0,
                    "nsecs": 0
                },
                "frame_id": ""
            },
            "id": 109,
            "category": "Barrier_stone",
            "segmentation_rle": [],
            "area": 0.0,
            "bbox": [
                {
                    "x": 0.7693179249763489,
                    "y": 0.5653879046440125,
                    "z": 0.0
                },
                {
                    "x": 0.7748973369598389,
                    "y": 0.5805296301841736,
                    "z": 0.0
                }
            ],
            "is_crowd": false,
            "main_category": "Static_obstacle",
            "id_3d": 0,
            "bbox_3d": [],
            "json_data": "{\n    \"imageid\": \"/camera_front_wide\"\n}\n",
            "parent_id": 0,
            "percent_truncated": 0.0,
            "percent_occluded": 0.0
        },
        {
            "header": {
                "seq": 0,
                "stamp": {
                    "secs": 0,
                    "nsecs": 0
                },
                "frame_id": ""
            },
            "id": 108,
            "category": "Barrier_stone",
            "segmentation_rle": [],
            "area": 0.0,
            "bbox": [
                {
                    "x": 0.7381344437599182,
                    "y": 0.5656670928001404,
                    "z": 0.0
                },
                {
                    "x": 0.7426196336746216,
                    "y": 0.579502522945404,
                    "z": 0.0
                }
            ],
            "is_crowd": false,
            "main_category": "Static_obstacle",
            "id_3d": 0,
            "bbox_3d": [],
            "json_data": "{\n    \"imageid\": \"/camera_front_wide\"\n}\n",
            "parent_id": 0,
            "percent_truncated": 0.0,
            "percent_occluded": 0.0
        },
        {
            "header": {
                "seq": 0,
                "stamp": {
                    "secs": 0,
                    "nsecs": 0
                },
                "frame_id": ""
            },
            "id": 107,
            "category": "Barrier_stone",
            "segmentation_rle": [],
            "area": 0.0,
            "bbox": [
                {
                    "x": 0.7127773761749268,
                    "y": 0.5613812804222107,
                    "z": 0.0
                },
                {
                    "x": 0.7172272801399231,
                    "y": 0.5749672651290894,
                    "z": 0.0
                }
            ],
            "is_crowd": false,
            "main_category": "Static_obstacle",
            "id_3d": 0,
            "bbox_3d": [],
            "json_data": "{\n    \"imageid\": \"/camera_front_wide\"\n}\n",
            "parent_id": 0,
            "percent_truncated": 0.0,
            "percent_occluded": 0.0
        },
        {
            "header": {
                "seq": 0,
                "stamp": {
                    "secs": 0,
                    "nsecs": 0
                },
                "frame_id": ""
            },
            "id": 106,
            "category": "Barrier_stone",
            "segmentation_rle": [],
            "area": 0.0,
            "bbox": [
                {
                    "x": 0.688917338848114,
                    "y": 0.5589706301689148,
                    "z": 0.0
                },
                {
                    "x": 0.6937870383262634,
                    "y": 0.5729719400405884,
                    "z": 0.0
                }
            ],
            "is_crowd": false,
            "main_category": "Static_obstacle",
            "id_3d": 0,
            "bbox_3d": [],
            "json_data": "{\n    \"imageid\": \"/camera_front_wide\"\n}\n",
            "parent_id": 0,
            "percent_truncated": 0.0,
            "percent_occluded": 0.0
        },
        {
            "header": {
                "seq": 0,
                "stamp": {
                    "secs": 0,
                    "nsecs": 0
                },
                "frame_id": ""
            },
            "id": 105,
            "category": "Barrier_stone",
            "segmentation_rle": [],
            "area": 0.0,
            "bbox": [
                {
                    "x": 0.665718674659729,
                    "y": 0.5566553473472595,
                    "z": 0.0
                },
                {
                    "x": 0.6702283620834351,
                    "y": 0.5688009262084961,
                    "z": 0.0
                }
            ],
            "is_crowd": false,
            "main_category": "Static_obstacle",
            "id_3d": 0,
            "bbox_3d": [],
            "json_data": "{\n    \"imageid\": \"/camera_front_wide\"\n}\n",
            "parent_id": 0,
            "percent_truncated": 0.0,
            "percent_occluded": 0.0
        },
        {
            "header": {
                "seq": 0,
                "stamp": {
                    "secs": 0,
                    "nsecs": 0
                },
                "frame_id": ""
            },
            "id": 62,
            "category": "Anticrash_bucket",
            "segmentation_rle": [],
            "area": 0.0,
            "bbox": [
                {
                    "x": 0.38990169763565063,
                    "y": 0.550101637840271,
                    "z": 0.0
                },
                {
                    "x": 0.40018895268440247,
                    "y": 0.5764420032501221,
                    "z": 0.0
                }
            ],
            "is_crowd": false,
            "main_category": "Static_obstacle",
            "id_3d": 0,
            "bbox_3d": [],
            "json_data": "{\n    \"imageid\": \"/camera_front_wide\"\n}\n",
            "parent_id": 0,
            "percent_truncated": 0.0,
            "percent_occluded": 0.0
        },
        {
            "header": {
                "seq": 0,
                "stamp": {
                    "secs": 0,
                    "nsecs": 0
                },
                "frame_id": ""
            },
            "id": 48,
            "category": "Anticrash_bucket",
            "segmentation_rle": [],
            "area": 0.0,
            "bbox": [
                {
                    "x": 0.4265536069869995,
                    "y": 0.5500632524490356,
                    "z": 0.0
                },
                {
                    "x": 0.4359643757343292,
                    "y": 0.5746514201164246,
                    "z": 0.0
                }
            ],
            "is_crowd": false,
            "main_category": "Static_obstacle",
            "id_3d": 0,
            "bbox_3d": [],
            "json_data": "{\n    \"imageid\": \"/camera_front_wide\"\n}\n",
            "parent_id": 0,
            "percent_truncated": 0.0,
            "percent_occluded": 0.0
        },
        {
            "header": {
                "seq": 0,
                "stamp": {
                    "secs": 0,
                    "nsecs": 0
                },
                "frame_id": ""
            },
            "id": 3,
            "category": "Suv",
            "segmentation_rle": [],
            "area": 0.0,
            "bbox": [
                {
                    "x": 0.3534916639328003,
                    "y": 0.5252220034599304,
                    "z": 0.0
                },
                {
                    "x": 0.3856162130832672,
                    "y": 0.5642249584197998,
                    "z": 0.0
                }
            ],
            "is_crowd": false,
            "main_category": "Car",
            "id_3d": 0,
            "bbox_3d": [],
            "json_data": "",
            "parent_id": 0,
            "percent_truncated": 0.0,
            "percent_occluded": 0.0
        },
        {
            "header": {
                "seq": 0,
                "stamp": {
                    "secs": 0,
                    "nsecs": 0
                },
                "frame_id": ""
            },
            "id": 4,
            "category": "Car",
            "segmentation_rle": [],
            "area": 0.0,
            "bbox": [
                {
                    "x": 0.45805415511131287,
                    "y": 0.5271444916725159,
                    "z": 0.0
                },
                {
                    "x": 0.49743619561195374,
                    "y": 0.5886747241020203,
                    "z": 0.0
                }
            ],
            "is_crowd": false,
            "main_category": "Car",
            "id_3d": 0,
            "bbox_3d": [],
            "json_data": "",
            "parent_id": 0,
            "percent_truncated": 0.0,
            "percent_occluded": 0.0
        },
        {
            "header": {
                "seq": 0,
                "stamp": {
                    "secs": 0,
                    "nsecs": 0
                },
                "frame_id": ""
            },
            "id": 43,
            "category": "Van",
            "segmentation_rle": [],
            "area": 0.0,
            "bbox": [
                {
                    "x": 0.5075526237487793,
                    "y": 0.5264129638671875,
                    "z": 0.0
                },
                {
                    "x": 0.5180968642234802,
                    "y": 0.5455328822135925,
                    "z": 0.0
                }
            ],
            "is_crowd": false,
            "main_category": "Car",
            "id_3d": 0,
            "bbox_3d": [],
            "json_data": "{\"attribute_custom_result\":{\"cipv\":[],\"deviation\":[],\"door_status\":[],\"gate_status\":[\"open\"],\"light_status\":[],\"link_id\":[-1],\"lock_status\":[\"open\"],\"motion_state\":[\"moving\"],\"ppl_attr\":[],\"ppl_pose\":[\"standing_walking\"],\"tricycle\":[\"box\"],\"truncation\":[\"0%\"],\"vague_cam_around_front\":[\"-1\"],\"vague_cam_around_left\":[\"-1\"],\"vague_cam_around_rear\":[\"-1\"],\"vague_cam_around_right\":[\"-1\"],\"vague_cam_rear_wide\":[\"-1\"],\"vague_cam_side_left_front\":[\"-1\"],\"vague_cam_side_left_rear\":[\"-1\"],\"vague_cam_side_right_front\":[\"-1\"],\"vague_cam_side_right_rear\":[\"-1\"],\"vague_camera_front_long\":[\"-1\"],\"vague_camera_front_wide\":[\"-1\"],\"visibility_cam_around_front\":[\"0%-20%\"],\"visibility_cam_around_left\":[\"0%-20%\"],\"visibility_cam_around_rear\":[\"0%-20%\"],\"visibility_cam_around_right\":[\"0%-20%\"],\"visibility_cam_rear_wide\":[\"0%-20%\"],\"visibility_cam_side_left_front\":[\"0%-20%\"],\"visibility_cam_side_left_rear\":[\"0%-20%\"],\"visibility_cam_side_right_front\":[\"0%-20%\"],\"visibility_cam_side_right_reart\":[\"0%-20%\"],\"visibility_camera_front_long \":[\"0%-20%\"],\"visibility_camera_front_wide \":[\"0%-20%\"]}}",
            "parent_id": 0,
            "percent_truncated": 0.0,
            "percent_occluded": 0.0
        },
        {
            "header": {
                "seq": 0,
                "stamp": {
                    "secs": 0,
                    "nsecs": 0
                },
                "frame_id": ""
            },
            "id": 5,
            "category": "Plate_truck_mid",
            "segmentation_rle": [],
            "area": 0.0,
            "bbox": [
                {
                    "x": 0.533921480178833,
                    "y": 0.503180980682373,
                    "z": 0.0
                },
                {
                    "x": 0.5727002620697021,
                    "y": 0.5615140795707703,
                    "z": 0.0
                }
            ],
            "is_crowd": false,
            "main_category": "Large_truck",
            "id_3d": 0,
            "bbox_3d": [],
            "json_data": "",
            "parent_id": 0,
            "percent_truncated": 0.0,
            "percent_occluded": 0.0
        },
        {
            "header": {
                "seq": 0,
                "stamp": {
                    "secs": 0,
                    "nsecs": 0
                },
                "frame_id": ""
            },
            "id": 44,
            "category": "Car",
            "segmentation_rle": [],
            "area": 0.0,
            "bbox": [
                {
                    "x": 0.4852132201194763,
                    "y": 0.5298072695732117,
                    "z": 0.0
                },
                {
                    "x": 0.49846914410591125,
                    "y": 0.551835298538208,
                    "z": 0.0
                }
            ],
            "is_crowd": false,
            "main_category": "Car",
            "id_3d": 0,
            "bbox_3d": [],
            "json_data": "",
            "parent_id": 0,
            "percent_truncated": 0.0,
            "percent_occluded": 0.0
        },
        {
            "header": {
                "seq": 0,
                "stamp": {
                    "secs": 0,
                    "nsecs": 0
                },
                "frame_id": ""
            },
            "id": 2,
            "category": "Trailer_tail",
            "segmentation_rle": [],
            "area": 0.0,
            "bbox": [
                {
                    "x": 0.0,
                    "y": 0.43424180150032043,
                    "z": 0.0
                },
                {
                    "x": 0.21333305537700653,
                    "y": 0.6904764175415039,
                    "z": 0.0
                }
            ],
            "is_crowd": false,
            "main_category": "Large_truck",
            "id_3d": 0,
            "bbox_3d": [],
            "json_data": "{\"attribute_custom_result\":{\"cipv\":[],\"deviation\":[],\"door_status\":[],\"gate_status\":[\"open\"],\"light_status\":[],\"link_id\":[2],\"lock_status\":[\"open\"],\"motion_state\":[\"parking\"],\"ppl_attr\":[],\"ppl_pose\":[\"standing_walking\"],\"tricycle\":[\"box\"],\"truncation\":[\"0%\"],\"vague\":[[]],\"vague_cam_around_front\":[\"-1\"],\"vague_cam_around_left\":[\"-1\"],\"vague_cam_around_rear\":[\"-1\"],\"vague_cam_around_right\":[\"-1\"],\"vague_cam_rear_wide\":[\"-1\"],\"vague_cam_side_left_front\":[\"-1\"],\"vague_cam_side_left_rear\":[\"-1\"],\"vague_cam_side_right_front\":[\"-1\"],\"vague_cam_side_right_rear\":[\"-1\"],\"vague_camera_front_long\":[\"-1\"],\"vague_camera_front_wide\":[\"-1\"],\"visibility_cam_around_front\":[\"100%\"],\"visibility_cam_around_left\":[\"100%\"],\"visibility_cam_around_rear\":[\"100%\"],\"visibility_cam_around_right\":[\"100%\"],\"visibility_cam_rear_wide\":[\"100%\"],\"visibility_cam_side_left_front\":[\"100%\"],\"visibility_cam_side_left_rear\":[\"100%\"],\"visibility_cam_side_right_front\":[\"100%\"],\"visibility_cam_side_right_reart\":[\"100%\"],\"visibility_camera_front_long \":[\"100%\"],\"visibility_camera_front_wide \":[\"100%\"]}}",
            "parent_id": 0,
            "percent_truncated": 0.0,
            "percent_occluded": 0.0
        }
    ],
    "image_name": ""
}