{
    "header": {
        "seq": 2,
        "stamp": {
            "secs": 1739004555,
            "nsecs": 903000000
        },
        "frame_id": "2"
    },
    "frame_id": 1,
    "image_height": 4294967295,
    "image_width": 4294967295,
    "bboxes": [
        {
            "header": {
                "seq": 0,
                "stamp": {
                    "secs": 0,
                    "nsecs": 0
                },
                "frame_id": ""
            },
            "id": 121,
            "category": "Barrier_stone",
            "segmentation_rle": [],
            "area": 0.0,
            "bbox": [
                {
                    "x": 0.41988450288772583,
                    "y": 0.542486846446991,
                    "z": 0.0
                },
                {
                    "x": 0.4218362867832184,
                    "y": 0.5634936094284058,
                    "z": 0.0
                }
            ],
            "is_crowd": false,
            "main_category": "Static_obstacle",
            "id_3d": 0,
            "bbox_3d": [],
            "json_data": "{\n    \"imageid\": \"/camera_front_wide\"\n}\n",
            "parent_id": 0,
            "percent_truncated": 0.0,
            "percent_occluded": 0.0
        },
        {
            "header": {
                "seq": 0,
                "stamp": {
                    "secs": 0,
                    "nsecs": 0
                },
                "frame_id": ""
            },
            "id": 62,
            "category": "Anticrash_bucket",
            "segmentation_rle": [],
            "area": 0.0,
            "bbox": [
                {
                    "x": 0.411347895860672,
                    "y": 0.552044153213501,
                    "z": 0.0
                },
                {
                    "x": 0.41908183693885803,
                    "y": 0.5732158422470093,
                    "z": 0.0
                }
            ],
            "is_crowd": false,
            "main_category": "Static_obstacle",
            "id_3d": 0,
            "bbox_3d": [],
            "json_data": "{\n    \"imageid\": \"/camera_front_wide\"\n}\n",
            "parent_id": 0,
            "percent_truncated": 0.0,
            "percent_occluded": 0.0
        },
        {
            "header": {
                "seq": 0,
                "stamp": {
                    "secs": 0,
                    "nsecs": 0
                },
                "frame_id": ""
            },
            "id": 48,
            "category": "Anticrash_bucket",
            "segmentation_rle": [],
            "area": 0.0,
            "bbox": [
                {
                    "x": 0.43829336762428284,
                    "y": 0.5526918172836304,
                    "z": 0.0
                },
                {
                    "x": 0.4469408690929413,
                    "y": 0.57394939661026,
                    "z": 0.0
                }
            ],
            "is_crowd": false,
            "main_category": "Static_obstacle",
            "id_3d": 0,
            "bbox_3d": [],
            "json_data": "{\n    \"imageid\": \"/camera_front_wide\"\n}\n",
            "parent_id": 0,
            "percent_truncated": 0.0,
            "percent_occluded": 0.0
        },
        {
            "header": {
                "seq": 0,
                "stamp": {
                    "secs": 0,
                    "nsecs": 0
                },
                "frame_id": ""
            },
            "id": 3,
            "category": "Suv",
            "segmentation_rle": [],
            "area": 0.0,
            "bbox": [
                {
                    "x": 0.3746415376663208,
                    "y": 0.5323432087898254,
                    "z": 0.0
                },
                {
                    "x": 0.399504691362381,
                    "y": 0.5645791292190552,
                    "z": 0.0
                }
            ],
            "is_crowd": false,
            "main_category": "Car",
            "id_3d": 0,
            "bbox_3d": [],
            "json_data": "",
            "parent_id": 0,
            "percent_truncated": 0.0,
            "percent_occluded": 0.0
        },
        {
            "header": {
                "seq": 0,
                "stamp": {
                    "secs": 0,
                    "nsecs": 0
                },
                "frame_id": ""
            },
            "id": 43,
            "category": "Van",
            "segmentation_rle": [],
            "area": 0.0,
            "bbox": [
                {
                    "x": 0.5044495463371277,
                    "y": 0.5312532186508179,
                    "z": 0.0
                },
                {
                    "x": 0.5154868364334106,
                    "y": 0.5509718656539917,
                    "z": 0.0
                }
            ],
            "is_crowd": false,
            "main_category": "Car",
            "id_3d": 0,
            "bbox_3d": [],
            "json_data": "{\"attribute_custom_result\":{\"cipv\":[],\"deviation\":[],\"door_status\":[],\"gate_status\":[\"open\"],\"light_status\":[],\"link_id\":[-1],\"lock_status\":[\"open\"],\"motion_state\":[\"moving\"],\"ppl_attr\":[],\"ppl_pose\":[\"standing_walking\"],\"tricycle\":[\"box\"],\"truncation\":[\"0%\"],\"vague_cam_around_front\":[\"-1\"],\"vague_cam_around_left\":[\"-1\"],\"vague_cam_around_rear\":[\"-1\"],\"vague_cam_around_right\":[\"-1\"],\"vague_cam_rear_wide\":[\"-1\"],\"vague_cam_side_left_front\":[\"-1\"],\"vague_cam_side_left_rear\":[\"-1\"],\"vague_cam_side_right_front\":[\"-1\"],\"vague_cam_side_right_rear\":[\"-1\"],\"vague_camera_front_long\":[\"-1\"],\"vague_camera_front_wide\":[\"-1\"],\"visibility_cam_around_front\":[\"0%-20%\"],\"visibility_cam_around_left\":[\"0%-20%\"],\"visibility_cam_around_rear\":[\"0%-20%\"],\"visibility_cam_around_right\":[\"0%-20%\"],\"visibility_cam_rear_wide\":[\"0%-20%\"],\"visibility_cam_side_left_front\":[\"0%-20%\"],\"visibility_cam_side_left_rear\":[\"0%-20%\"],\"visibility_cam_side_right_front\":[\"0%-20%\"],\"visibility_cam_side_right_reart\":[\"0%-20%\"],\"visibility_camera_front_long \":[\"0%-20%\"],\"visibility_camera_front_wide \":[\"0%-20%\"]}}",
            "parent_id": 0,
            "percent_truncated": 0.0,
            "percent_occluded": 0.0
        },
        {
            "header": {
                "seq": 0,
                "stamp": {
                    "secs": 0,
                    "nsecs": 0
                },
                "frame_id": ""
            },
            "id": 5,
            "category": "Plate_truck_mid",
            "segmentation_rle": [],
            "area": 0.0,
            "bbox": [
                {
                    "x": 0.5293657183647156,
                    "y": 0.5099305510520935,
                    "z": 0.0
                },
                {
                    "x": 0.5669108033180237,
                    "y": 0.5642932057380676,
                    "z": 0.0
                }
            ],
            "is_crowd": false,
            "main_category": "Large_truck",
            "id_3d": 0,
            "bbox_3d": [],
            "json_data": "",
            "parent_id": 0,
            "percent_truncated": 0.0,
            "percent_occluded": 0.0
        },
        {
            "header": {
                "seq": 0,
                "stamp": {
                    "secs": 0,
                    "nsecs": 0
                },
                "frame_id": ""
            },
            "id": 4,
            "category": "Car",
            "segmentation_rle": [],
            "area": 0.0,
            "bbox": [
                {
                    "x": 0.4613546133041382,
                    "y": 0.5324995517730713,
                    "z": 0.0
                },
                {
                    "x": 0.5017891526222229,
                    "y": 0.5966349840164185,
                    "z": 0.0
                }
            ],
            "is_crowd": false,
            "main_category": "Car",
            "id_3d": 0,
            "bbox_3d": [],
            "json_data": "",
            "parent_id": 0,
            "percent_truncated": 0.0,
            "percent_occluded": 0.0
        },
        {
            "header": {
                "seq": 0,
                "stamp": {
                    "secs": 0,
                    "nsecs": 0
                },
                "frame_id": ""
            },
            "id": 1,
            "category": "Trailer_head",
            "segmentation_rle": [],
            "area": 0.0,
            "bbox": [
                {
                    "x": 0.0,
                    "y": 0.24551646411418915,
                    "z": 0.0
                },
                {
                    "x": 0.1090429350733757,
                    "y": 0.7706113457679749,
                    "z": 0.0
                }
            ],
            "is_crowd": false,
            "main_category": "Large_truck",
            "id_3d": 0,
            "bbox_3d": [],
            "json_data": "{\"attribute_custom_result\":{\"cipv\":[],\"deviation\":[],\"door_status\":[],\"gate_status\":[\"open\"],\"light_status\":[],\"link_id\":[1],\"lock_status\":[\"open\"],\"motion_state\":[\"parking\"],\"ppl_attr\":[],\"ppl_pose\":[\"standing_walking\"],\"tricycle\":[\"box\"],\"truncation\":[\"0%\"],\"vague\":[[]],\"vague_cam_around_front\":[\"-1\"],\"vague_cam_around_left\":[\"-1\"],\"vague_cam_around_rear\":[\"-1\"],\"vague_cam_around_right\":[\"-1\"],\"vague_cam_rear_wide\":[\"-1\"],\"vague_cam_side_left_front\":[\"-1\"],\"vague_cam_side_left_rear\":[\"-1\"],\"vague_cam_side_right_front\":[\"-1\"],\"vague_cam_side_right_rear\":[\"-1\"],\"vague_camera_front_long\":[\"-1\"],\"vague_camera_front_wide\":[\"-1\"],\"visibility_cam_around_front\":[\"100%\"],\"visibility_cam_around_left\":[\"100%\"],\"visibility_cam_around_rear\":[\"100%\"],\"visibility_cam_around_right\":[\"100%\"],\"visibility_cam_rear_wide\":[\"100%\"],\"visibility_cam_side_left_front\":[\"100%\"],\"visibility_cam_side_left_rear\":[\"100%\"],\"visibility_cam_side_right_front\":[\"100%\"],\"visibility_cam_side_right_reart\":[\"100%\"],\"visibility_camera_front_long \":[\"100%\"],\"visibility_camera_front_wide \":[\"100%\"]}}",
            "parent_id": 0,
            "percent_truncated": 0.0,
            "percent_occluded": 0.0
        },
        {
            "header": {
                "seq": 0,
                "stamp": {
                    "secs": 0,
                    "nsecs": 0
                },
                "frame_id": ""
            },
            "id": 2,
            "category": "Trailer_tail",
            "segmentation_rle": [],
            "area": 0.0,
            "bbox": [
                {
                    "x": 0.07467459887266159,
                    "y": 0.3931334912776947,
                    "z": 0.0
                },
                {
                    "x": 0.325918972492218,
                    "y": 0.6693882346153259,
                    "z": 0.0
                }
            ],
            "is_crowd": false,
            "main_category": "Large_truck",
            "id_3d": 0,
            "bbox_3d": [],
            "json_data": "{\"attribute_custom_result\":{\"cipv\":[],\"deviation\":[],\"door_status\":[],\"gate_status\":[\"open\"],\"light_status\":[],\"link_id\":[2],\"lock_status\":[\"open\"],\"motion_state\":[\"parking\"],\"ppl_attr\":[],\"ppl_pose\":[\"standing_walking\"],\"tricycle\":[\"box\"],\"truncation\":[\"0%\"],\"vague\":[[]],\"vague_cam_around_front\":[\"-1\"],\"vague_cam_around_left\":[\"-1\"],\"vague_cam_around_rear\":[\"-1\"],\"vague_cam_around_right\":[\"-1\"],\"vague_cam_rear_wide\":[\"-1\"],\"vague_cam_side_left_front\":[\"-1\"],\"vague_cam_side_left_rear\":[\"-1\"],\"vague_cam_side_right_front\":[\"-1\"],\"vague_cam_side_right_rear\":[\"-1\"],\"vague_camera_front_long\":[\"-1\"],\"vague_camera_front_wide\":[\"-1\"],\"visibility_cam_around_front\":[\"100%\"],\"visibility_cam_around_left\":[\"100%\"],\"visibility_cam_around_rear\":[\"100%\"],\"visibility_cam_around_right\":[\"100%\"],\"visibility_cam_rear_wide\":[\"100%\"],\"visibility_cam_side_left_front\":[\"100%\"],\"visibility_cam_side_left_rear\":[\"100%\"],\"visibility_cam_side_right_front\":[\"100%\"],\"visibility_cam_side_right_reart\":[\"100%\"],\"visibility_camera_front_long \":[\"100%\"],\"visibility_camera_front_wide \":[\"100%\"]}}",
            "parent_id": 0,
            "percent_truncated": 0.0,
            "percent_occluded": 0.0
        }
    ],
    "image_name": ""
}