{
    "header": {
        "seq": 1,
        "stamp": {
            "secs": 1739004555,
            "nsecs": 403000000
        },
        "frame_id": "1"
    },
    "frame_id": 0,
    "image_height": 4294967295,
    "image_width": 4294967295,
    "bboxes": [
        {
            "header": {
                "seq": 0,
                "stamp": {
                    "secs": 0,
                    "nsecs": 0
                },
                "frame_id": ""
            },
            "id": 62,
            "category": "Anticrash_bucket",
            "segmentation_rle": [],
            "area": 0.0,
            "bbox": [
                {
                    "x": 0.4239357113838196,
                    "y": 0.5433037877082825,
                    "z": 0.0
                },
                {
                    "x": 0.4305029809474945,
                    "y": 0.5608804225921631,
                    "z": 0.0
                }
            ],
            "is_crowd": false,
            "main_category": "Static_obstacle",
            "id_3d": 0,
            "bbox_3d": [],
            "json_data": "{\n    \"imageid\": \"/camera_front_wide\"\n}\n",
            "parent_id": 0,
            "percent_truncated": 0.0,
            "percent_occluded": 0.0
        },
        {
            "header": {
                "seq": 0,
                "stamp": {
                    "secs": 0,
                    "nsecs": 0
                },
                "frame_id": ""
            },
            "id": 48,
            "category": "Anticrash_bucket",
            "segmentation_rle": [],
            "area": 0.0,
            "bbox": [
                {
                    "x": 0.44627711176872253,
                    "y": 0.5441848635673523,
                    "z": 0.0
                },
                {
                    "x": 0.45323851704597473,
                    "y": 0.562208890914917,
                    "z": 0.0
                }
            ],
            "is_crowd": false,
            "main_category": "Static_obstacle",
            "id_3d": 0,
            "bbox_3d": [],
            "json_data": "{\n    \"imageid\": \"/camera_front_wide\"\n}\n",
            "parent_id": 0,
            "percent_truncated": 0.0,
            "percent_occluded": 0.0
        },
        {
            "header": {
                "seq": 0,
                "stamp": {
                    "secs": 0,
                    "nsecs": 0
                },
                "frame_id": ""
            },
            "id": 1,
            "category": "Trailer_head",
            "segmentation_rle": [],
            "area": 0.0,
            "bbox": [
                {
                    "x": 0.1720341593027115,
                    "y": 0.3951263725757599,
                    "z": 0.0
                },
                {
                    "x": 0.2967432737350464,
                    "y": 0.6223030686378479,
                    "z": 0.0
                }
            ],
            "is_crowd": false,
            "main_category": "Large_truck",
            "id_3d": 0,
            "bbox_3d": [],
            "json_data": "",
            "parent_id": 0,
            "percent_truncated": 0.0,
            "percent_occluded": 0.0
        },
        {
            "header": {
                "seq": 0,
                "stamp": {
                    "secs": 0,
                    "nsecs": 0
                },
                "frame_id": ""
            },
            "id": 2,
            "category": "Trailer_tail",
            "segmentation_rle": [],
            "area": 0.0,
            "bbox": [
                {
                    "x": 0.23705773055553436,
                    "y": 0.4566379487514496,
                    "z": 0.0
                },
                {
                    "x": 0.37547898292541504,
                    "y": 0.6125450134277344,
                    "z": 0.0
                }
            ],
            "is_crowd": false,
            "main_category": "Large_truck",
            "id_3d": 0,
            "bbox_3d": [],
            "json_data": "",
            "parent_id": 0,
            "percent_truncated": 0.0,
            "percent_occluded": 0.0
        },
        {
            "header": {
                "seq": 0,
                "stamp": {
                    "secs": 0,
                    "nsecs": 0
                },
                "frame_id": ""
            },
            "id": 3,
            "category": "Suv",
            "segmentation_rle": [],
            "area": 0.0,
            "bbox": [
                {
                    "x": 0.3887006342411041,
                    "y": 0.5269381403923035,
                    "z": 0.0
                },
                {
                    "x": 0.4095764458179474,
                    "y": 0.5560721158981323,
                    "z": 0.0
                }
            ],
            "is_crowd": false,
            "main_category": "Car",
            "id_3d": 0,
            "bbox_3d": [],
            "json_data": "",
            "parent_id": 0,
            "percent_truncated": 0.0,
            "percent_occluded": 0.0
        },
        {
            "header": {
                "seq": 0,
                "stamp": {
                    "secs": 0,
                    "nsecs": 0
                },
                "frame_id": ""
            },
            "id": 4,
            "category": "Car",
            "segmentation_rle": [],
            "area": 0.0,
            "bbox": [
                {
                    "x": 0.46479862928390503,
                    "y": 0.5267242193222046,
                    "z": 0.0
                },
                {
                    "x": 0.5056277513504028,
                    "y": 0.5930134654045105,
                    "z": 0.0
                }
            ],
            "is_crowd": false,
            "main_category": "Car",
            "id_3d": 0,
            "bbox_3d": [],
            "json_data": "",
            "parent_id": 0,
            "percent_truncated": 0.0,
            "percent_occluded": 0.0
        },
        {
            "header": {
                "seq": 0,
                "stamp": {
                    "secs": 0,
                    "nsecs": 0
                },
                "frame_id": ""
            },
            "id": 5,
            "category": "Plate_truck_mid",
            "segmentation_rle": [],
            "area": 0.0,
            "bbox": [
                {
                    "x": 0.5258641839027405,
                    "y": 0.5039240717887878,
                    "z": 0.0
                },
                {
                    "x": 0.562896728515625,
                    "y": 0.5608251690864563,
                    "z": 0.0
                }
            ],
            "is_crowd": false,
            "main_category": "Large_truck",
            "id_3d": 0,
            "bbox_3d": [],
            "json_data": "",
            "parent_id": 0,
            "percent_truncated": 0.0,
            "percent_occluded": 0.0
        },
        {
            "header": {
                "seq": 0,
                "stamp": {
                    "secs": 0,
                    "nsecs": 0
                },
                "frame_id": ""
            },
            "id": 43,
            "category": "Van",
            "segmentation_rle": [],
            "area": 0.0,
            "bbox": [
                {
                    "x": 0.501555323600769,
                    "y": 0.5267751812934875,
                    "z": 0.0
                },
                {
                    "x": 0.5127957463264465,
                    "y": 0.5470910668373108,
                    "z": 0.0
                }
            ],
            "is_crowd": false,
            "main_category": "Car",
            "id_3d": 0,
            "bbox_3d": [],
            "json_data": "{\"attribute_custom_result\":{\"cipv\":[],\"deviation\":[],\"door_status\":[],\"gate_status\":[\"open\"],\"light_status\":[],\"link_id\":[-1],\"lock_status\":[\"open\"],\"motion_state\":[\"moving\"],\"ppl_attr\":[],\"ppl_pose\":[\"standing_walking\"],\"tricycle\":[\"box\"],\"truncation\":[\"0%\"],\"vague_cam_around_front\":[\"-1\"],\"vague_cam_around_left\":[\"-1\"],\"vague_cam_around_rear\":[\"-1\"],\"vague_cam_around_right\":[\"-1\"],\"vague_cam_rear_wide\":[\"-1\"],\"vague_cam_side_left_front\":[\"-1\"],\"vague_cam_side_left_rear\":[\"-1\"],\"vague_cam_side_right_front\":[\"-1\"],\"vague_cam_side_right_rear\":[\"-1\"],\"vague_camera_front_long\":[\"-1\"],\"vague_camera_front_wide\":[\"-1\"],\"visibility_cam_around_front\":[\"0%-20%\"],\"visibility_cam_around_left\":[\"0%-20%\"],\"visibility_cam_around_rear\":[\"0%-20%\"],\"visibility_cam_around_right\":[\"0%-20%\"],\"visibility_cam_rear_wide\":[\"0%-20%\"],\"visibility_cam_side_left_front\":[\"0%-20%\"],\"visibility_cam_side_left_rear\":[\"0%-20%\"],\"visibility_cam_side_right_front\":[\"0%-20%\"],\"visibility_cam_side_right_reart\":[\"0%-20%\"],\"visibility_camera_front_long \":[\"0%-20%\"],\"visibility_camera_front_wide \":[\"0%-20%\"]}}",
            "parent_id": 0,
            "percent_truncated": 0.0,
            "percent_occluded": 0.0
        }
    ],
    "image_name": ""
}