{
    "header": {
        "seq": 1,
        "stamp": {
            "secs": 1739004555,
            "nsecs": 903000000
        },
        "frame_id": "2"
    },
    "frame_index": 1,
    "comments": [
        {
            "header": {
                "seq": 0,
                "stamp": {
                    "secs": 0,
                    "nsecs": 0
                },
                "frame_id": ""
            },
            "id": 0,
            "comment_stack": [
                {
                    "header": {
                        "seq": 0,
                        "stamp": {
                            "secs": 0,
                            "nsecs": 0
                        },
                        "frame_id": ""
                    },
                    "comment": "文本",
                    "sub_comment": "光照条件错误 | 道路类型错误",
                    "additional_details": "",
                    "status": "To be modified",
                    "comment_update_timestamp": {
                        "secs": 1741153322,
                        "nsecs": 0
                    },
                    "comment_updated_by_user": "zzy",
                    "comment_updated_by_ip": "172.31.130.150",
                    "updated_screenshot": {
                        "header": {
                            "seq": 0,
                            "stamp": {
                                "secs": 0,
                                "nsecs": 0
                            },
                            "frame_id": ""
                        },
                        "image_format": 0,
                        "device_id": 0,
                        "image_width": 0,
                        "image_height": 0,
                        "is_bigendian": 0,
                        "compressed_size": 0,
                        "compressed_data": "b''"
                    },
                    "reserved": []
                }
            ],
            "roi": [],
            "roi_type": "",
            "screenshot": {
                "header": {
                    "seq": 0,
                    "stamp": {
                        "secs": 0,
                        "nsecs": 0
                    },
                    "frame_id": ""
                },
                "image_format": 0,
                "device_id": 0,
                "image_width": 0,
                "image_height": 0,
                "is_bigendian": 0,
                "compressed_size": 0,
                "compressed_data": "b''"
            },
            "target_topic_timestamp": {
                "secs": 0,
                "nsecs": 0
            },
            "target_topic_currnt_frame": 2,
            "target_topic_start_frame": 2,
            "target_topic_end_frame": 2,
            "target_topic_name": "\u0002",
            "target_topic_type": "",
            "reserved": [
                "",
                "0"
            ]
        },
        {
            "header": {
                "seq": 0,
                "stamp": {
                    "secs": 0,
                    "nsecs": 0
                },
                "frame_id": ""
            },
            "id": 0,
            "comment_stack": [
                {
                    "header": {
                        "seq": 0,
                        "stamp": {
                            "secs": 0,
                            "nsecs": 0
                        },
                        "frame_id": ""
                    },
                    "comment": "文本",
                    "sub_comment": "光照条件错误 | 道路类型错误",
                    "additional_details": "",
                    "status": "To be modified",
                    "comment_update_timestamp": {
                        "secs": 1741153322,
                        "nsecs": 0
                    },
                    "comment_updated_by_user": "zzy",
                    "comment_updated_by_ip": "172.31.130.150",
                    "updated_screenshot": {
                        "header": {
                            "seq": 0,
                            "stamp": {
                                "secs": 0,
                                "nsecs": 0
                            },
                            "frame_id": ""
                        },
                        "image_format": 0,
                        "device_id": 0,
                        "image_width": 0,
                        "image_height": 0,
                        "is_bigendian": 0,
                        "compressed_size": 0,
                        "compressed_data": "b''"
                    },
                    "reserved": []
                },
                {
                    "header": {
                        "seq": 0,
                        "stamp": {
                            "secs": 0,
                            "nsecs": 0
                        },
                        "frame_id": ""
                    },
                    "comment": "文本",
                    "sub_comment": "光照条件错误 | 道路类型错误",
                    "additional_details": "",
                    "status": "To be reviewed",
                    "comment_update_timestamp": {
                        "secs": 1741167044,
                        "nsecs": 0
                    },
                    "comment_updated_by_user": "1",
                    "comment_updated_by_ip": "172.31.130.213",
                    "updated_screenshot": {
                        "header": {
                            "seq": 0,
                            "stamp": {
                                "secs": 0,
                                "nsecs": 0
                            },
                            "frame_id": ""
                        },
                        "image_format": 0,
                        "device_id": 0,
                        "image_width": 0,
                        "image_height": 0,
                        "is_bigendian": 0,
                        "compressed_size": 0,
                        "compressed_data": "b''"
                    },
                    "reserved": []
                }
            ],
            "roi": [],
            "roi_type": "",
            "screenshot": {
                "header": {
                    "seq": 0,
                    "stamp": {
                        "secs": 0,
                        "nsecs": 0
                    },
                    "frame_id": ""
                },
                "image_format": 0,
                "device_id": 0,
                "image_width": 0,
                "image_height": 0,
                "is_bigendian": 0,
                "compressed_size": 0,
                "compressed_data": "b''"
            },
            "target_topic_timestamp": {
                "secs": 0,
                "nsecs": 0
            },
            "target_topic_currnt_frame": 2,
            "target_topic_start_frame": 2,
            "target_topic_end_frame": 2,
            "target_topic_name": "\u0002",
            "target_topic_type": "",
            "reserved": [
                "",
                "0"
            ]
        }
    ]
}