{
    "primary_temporal_sensor": {
        "group": "cameras",
        "name": "camera_front_wide"
    },
    "sensor_groups": {
        "cameras": [
            {
                "name": "cam_side_left_front",
                "type": "camera",
                "position": "front_left_side",
                "dataPath": "cam_side_left_front",
                "fps": 30
            },
            {
                "name": "cam_around_right",
                "type": "camera",
                "position": "right_around",
                "dataPath": "cam_around_right",
                "fps": 30
            },
            {
                "name": "cam_around_front",
                "type": "camera",
                "position": "front_around",
                "dataPath": "cam_around_front",
                "fps": 30
            },
            {
                "name": "camera_front_wide",
                "type": "camera",
                "position": "front_wide",
                "dataPath": "camera_front_wide",
                "fps": 30
            },
            {
                "name": "cam_side_left_rear",
                "type": "camera",
                "position": "rear_left_side",
                "dataPath": "cam_side_left_rear",
                "fps": 30
            },
            {
                "name": "cam_side_right_front",
                "type": "camera",
                "position": "front_right_side",
                "dataPath": "cam_side_right_front",
                "fps": 30
            },
            {
                "name": "cam_side_right_rear",
                "type": "camera",
                "position": "rear_right_side",
                "dataPath": "cam_side_right_rear",
                "fps": 30
            },
            {
                "name": "cam_rear_wide",
                "type": "camera",
                "position": "rear_wide",
                "dataPath": "cam_rear_wide",
                "fps": 30
            },
            {
                "name": "cam_around_rear",
                "type": "camera",
                "position": "rear_around",
                "dataPath": "cam_around_rear",
                "fps": 30
            },
            {
                "name": "cam_around_left",
                "type": "camera",
                "position": "left_around",
                "dataPath": "cam_around_left",
                "fps": 30
            },
            {
                "name": "camera_front_long",
                "type": "camera",
                "position": "front",
                "dataPath": "camera_front_long",
                "fps": 30
            }
        ],
        "lidars": [
            {
                "name": "lidar",
                "type": "lidar",
                "position": "",
                "dataPath": "lidar",
                "fps": 30
            }
        ]
    },
    "annotation_groups": {
        "cameras": [
            {
                "name": "ld_annotation_img_object_lists",
                "type": "2d",
                "dataPath": "ld_annotation_img_object_lists",
                "fps": 30
            }
        ],
        "lidars": [
            {
                "name": "ld_object_lists",
                "type": "3d",
                "dataPath": "ld_object_lists",
                "fps": 30
            }
        ],
        "comments": [
            {
                "name": "ld_annotation_comment_list",
                "type": "comment",
                "dataPath": "ld_annotation_comment_list"
            }
        ]
    }
}