{
    "header": {
        "seq": 0,
        "stamp": {
            "secs": 1739004555,
            "nsecs": 403000000
        },
        "frame_id": "1"
    },
    "frame_id": 0,
    "image_height": 0,
    "image_width": 0,
    "json_data": "{\"attribute_custom_result\":{\"光照条件\":[\"逆光-傍晚\"],\"天气类型\":[\"晴天\"],\"库位类型\":[\"非停车场\"],\"激光帧属性\":[\"激光点云数据正常\"],\"相机帧属性\":[\"相机数据正常\"],\"路面属性\":[\"普通路面\"],\"道路类型\":[\"城区\"]}}",
    "image_name": ""
}