{
    "header": {
        "seq": 0,
        "stamp": {
            "secs": 1739004555,
            "nsecs": 903000000
        },
        "frame_id": "lidar"
    },
    "child_frame_id": "",
    "pose": {
        "pose": {
            "position": {
                "x": -22.46703,
                "y": -6.59058,
                "z": -1.62718
            },
            "orientation": {
                "x": 0.0011759993778741498,
                "y": 0.0015709991689118105,
                "z": 0.9883854771254417,
                "w": -0.15195491961298166
            }
        },
        "covariance": [
            0.0,
            0.0,
            0.0,
            0.0,
            0.0,
            0.0,
            0.0,
            0.0,
            0.0,
            0.0,
            0.0,
            0.0,
            0.0,
            0.0,
            0.0,
            0.0,
            0.0,
            0.0,
            0.0,
            0.0,
            0.0,
            0.0,
            0.0,
            0.0,
            0.0,
            0.0,
            0.0,
            0.0,
            0.0,
            0.0,
            0.0,
            0.0,
            0.0,
            0.0,
            0.0,
            0.0
        ]
    },
    "twist": {
        "twist": {
            "linear": {
                "x": 0.0,
                "y": 0.0,
                "z": 0.0
            },
            "angular": {
                "x": 0.0,
                "y": 0.0,
                "z": 0.0
            }
        },
        "covariance": [
            0.0,
            0.0,
            0.0,
            0.0,
            0.0,
            0.0,
            0.0,
            0.0,
            0.0,
            0.0,
            0.0,
            0.0,
            0.0,
            0.0,
            0.0,
            0.0,
            0.0,
            0.0,
            0.0,
            0.0,
            0.0,
            0.0,
            0.0,
            0.0,
            0.0,
            0.0,
            0.0,
            0.0,
            0.0,
            0.0,
            0.0,
            0.0,
            0.0,
            0.0,
            0.0,
            0.0
        ]
    }
}