{
    "header": {
        "seq": 0,
        "stamp": {
            "secs": 1739004555,
            "nsecs": 403000000
        },
        "frame_id": "lidar"
    },
    "child_frame_id": "",
    "pose": {
        "pose": {
            "position": {
                "x": -15.008313,
                "y": -4.311934,
                "z": -1.598981
            },
            "orientation": {
                "x": -0.0016619993601885395,
                "y": -0.00078699969703272,
                "z": 0.9889386192933177,
                "w": -0.14831394290433397
            }
        },
        "covariance": [
            0.0,
            0.0,
            0.0,
            0.0,
            0.0,
            0.0,
            0.0,
            0.0,
            0.0,
            0.0,
            0.0,
            0.0,
            0.0,
            0.0,
            0.0,
            0.0,
            0.0,
            0.0,
            0.0,
            0.0,
            0.0,
            0.0,
            0.0,
            0.0,
            0.0,
            0.0,
            0.0,
            0.0,
            0.0,
            0.0,
            0.0,
            0.0,
            0.0,
            0.0,
            0.0,
            0.0
        ]
    },
    "twist": {
        "twist": {
            "linear": {
                "x": 0.0,
                "y": 0.0,
                "z": 0.0
            },
            "angular": {
                "x": 0.0,
                "y": 0.0,
                "z": 0.0
            }
        },
        "covariance": [
            0.0,
            0.0,
            0.0,
            0.0,
            0.0,
            0.0,
            0.0,
            0.0,
            0.0,
            0.0,
            0.0,
            0.0,
            0.0,
            0.0,
            0.0,
            0.0,
            0.0,
            0.0,
            0.0,
            0.0,
            0.0,
            0.0,
            0.0,
            0.0,
            0.0,
            0.0,
            0.0,
            0.0,
            0.0,
            0.0,
            0.0,
            0.0,
            0.0,
            0.0,
            0.0,
            0.0
        ]
    }
}