{
    "header": {
        "seq": 0,
        "stamp": {
            "secs": 1739004556,
            "nsecs": 403000000
        },
        "frame_id": "lidar"
    },
    "child_frame_id": "",
    "pose": {
        "pose": {
            "position": {
                "x": -30.203574,
                "y": -9.008645,
                "z": -1.666718
            },
            "orientation": {
                "x": -0.0016849991188931288,
                "y": 0.0008399995607538446,
                "z": 0.987769483483125,
                "w": -0.15590991847277608
            }
        },
        "covariance": [
            0.0,
            0.0,
            0.0,
            0.0,
            0.0,
            0.0,
            0.0,
            0.0,
            0.0,
            0.0,
            0.0,
            0.0,
            0.0,
            0.0,
            0.0,
            0.0,
            0.0,
            0.0,
            0.0,
            0.0,
            0.0,
            0.0,
            0.0,
            0.0,
            0.0,
            0.0,
            0.0,
            0.0,
            0.0,
            0.0,
            0.0,
            0.0,
            0.0,
            0.0,
            0.0,
            0.0
        ]
    },
    "twist": {
        "twist": {
            "linear": {
                "x": 0.0,
                "y": 0.0,
                "z": 0.0
            },
            "angular": {
                "x": 0.0,
                "y": 0.0,
                "z": 0.0
            }
        },
        "covariance": [
            0.0,
            0.0,
            0.0,
            0.0,
            0.0,
            0.0,
            0.0,
            0.0,
            0.0,
            0.0,
            0.0,
            0.0,
            0.0,
            0.0,
            0.0,
            0.0,
            0.0,
            0.0,
            0.0,
            0.0,
            0.0,
            0.0,
            0.0,
            0.0,
            0.0,
            0.0,
            0.0,
            0.0,
            0.0,
            0.0,
            0.0,
            0.0,
            0.0,
            0.0,
            0.0,
            0.0
        ]
    }
}